{"cameraMode":{"drawMode":0,"name":"Shaded","section":"Shading Mode"},"sceneLighting":false,"audioPlay":false,"sceneViewState":{"showFog":true,"showMaterialUpdate":false,"showSkybox":false,"showFlares":true,"showImageEffects":true,"showParticleSystems":true},"in2DMode":false,"pivot":{"x":0.0437169075012207,"y":0.06333059072494507,"z":-2.384185791015625e-7},"rotation":{"x":-0.07356034219264984,"y":0.20961244404315949,"z":-0.015816546976566316,"w":-0.9749284982681274},"size":2.4613189697265627,"orthographic":false}