{"cameraMode":{"drawMode":0,"name":"Shaded","section":"Shading Mode"},"sceneLighting":true,"audioPlay":false,"sceneViewState":{"showFog":true,"showMaterialUpdate":true,"showSkybox":true,"showFlares":true,"showImageEffects":true,"showParticleSystems":true},"in2DMode":false,"pivot":{"x":-94.01104736328125,"y":10.081008911132813,"z":67.34803009033203},"rotation":{"x":-0.1494605541229248,"y":-0.005351823754608631,"z":0.008457084186375142,"w":-0.988766610622406},"size":5.452420711517334,"orthographic":false}