{"cameraMode":{"drawMode":0,"name":"Shaded","section":"Shading Mode"},"sceneLighting":false,"audioPlay":false,"sceneViewState":{"showFog":true,"showMaterialUpdate":false,"showSkybox":false,"showFlares":true,"showImageEffects":true,"showParticleSystems":true},"in2DMode":false,"pivot":{"x":2.8115334510803224,"y":-0.7240138053894043,"z":1.326242446899414},"rotation":{"x":-0.12334015220403671,"y":-0.5865514278411865,"z":0.09092999249696732,"w":-0.7954295873641968},"size":2.7940096855163576,"orthographic":false}