{"cameraMode":{"drawMode":0,"name":"Shaded","section":"Shading Mode"},"sceneLighting":false,"audioPlay":false,"sceneViewState":{"showFog":true,"showMaterialUpdate":true,"showSkybox":false,"showFlares":true,"showImageEffects":true,"showParticleSystems":true},"in2DMode":false,"pivot":{"x":-0.07447801530361176,"y":-0.004961490631103516,"z":-0.0025930404663085939},"rotation":{"x":-0.15109577775001527,"y":0.01690252497792244,"z":0.005066993646323681,"w":-0.9884113669395447},"size":0.5660253763198853,"orthographic":false}